make,model
Daewoo,Tacuma
Citroen,Xsara Picasso
Chrysler,Voyager
Chevrolet,Utility
Cherry,Tiggo
Chana,Star
Cadillac,STS
CMC,SESBUYILE
CAM,Rhino
Bentley,Turbo R
Beach,Buggy
Bentley,GT
BMW,318
Austin,Mini
Audi,500
Aston Martin,Volante
Alfa Romeo,164
Alfa Romeo,159
Alfa Romeo,156
Alfa Romeo,155
Alfa Romeo,147
Alfa Romeo,146
Alfa Romeo,145
Alfa Romeo,75
Alfa Romeo,Spider
Alfa Romeo,Mito
Alfa Romeo,Giulietta
Alfa Romeo,GTV
Alfa Romeo,GT
Alfa Romeo,Brera
Alfa Romeo,Alfasud
Aston Martin,Virage
Aston Martin,Vantage
Aston Martin,Vanquish
Aston Martin,V8 Vantage
Aston Martin,V8
Aston Martin,Lagonda
Aston Martin,DBS
Aston Martin,DB9
Aston Martin,DB7
Audi,200
Audi,Turbo
Audi,TT
Audi,S8
Audi,S6
Audi,S5
Audi,S4
Audi,S3
Audi,S2
Audi,RS6
Audi,RS5
Audi,RS4 Avant
Audi,RS4
Audi,RS3
Audi,R8
Audi,Quattro
Audi,Q7
Audi,Q5
Audi,Q3
Audi,Convertible
Audi,Cabriolet
Audi,Allroad
Audi,A8
Audi,A7
Audi,A6
Audi,A5
Audi,A4 Sedan
Audi,A4 Avant
Audi,A4
Audi,A3
Audi,A1
Austin,Healey
Austin,Cambridge
BMW,125
BMW,7
BMW,6
BMW,5
BMW,3
BMW,1
BMW,Z4
BMW,Z3
BMW,Z1
BMW,X6
BMW,X5
BMW,X3
BMW,X1
BMW,X
BMW,M6
BMW,M5
BMW,M3
BMW,M1
BMW,M Series
BMW,M Coupe
BMW,730d
BMW,7 Series
BMW,645Ci
BMW,6 Series
BMW,530d
BMW,523i
BMW,520d
BMW,5 Series
BMW,335i
BMW,330i
BMW,328i
BMW,325i
BMW,323i
BMW,320i
BMW,320d
BMW,318ti
BMW,318i
BMW,316i
BMW,3 Series E46 2000-2005
BMW,3 Series Convertible
BMW,3 Series
BMW,135i
BMW,125i
BMW,120D
BMW,120i
BMW,118i
BMW,116i
BMW,1 Series 3 Door
BMW,1 Series
Bentley,Flying Spur
Bentley,Continental
CAM,Inyathi
CMC,Amandla
Cadillac,SRX
Cadillac,CTS
Cadillac,BLS
Chana,Maxi Star
Chana,Benni
Cherry,QQ3
Cherry,QQ
Cherry,J1
Chevrolet,Trailblazer
Chevrolet,Spark Lite
Chevrolet,Spark
Chevrolet,Sonic
Chevrolet,Orlando
Chevrolet,Optra
Chevrolet,Lumina
Chevrolet,Cruze
Chevrolet,Corvette
Chevrolet,Corsa Utility
Chevrolet,Corsa
Chevrolet,Captiva
Chevrolet,Camaro
Chevrolet,Blazer
Chevrolet,Aveo
Chrysler,Sebring
Chrysler,PT Cruiser
Chrysler,PT
Chrysler,New Yorker
Chrysler,Neon
Chrysler,Grand Voyager
Chrysler,Grand
Chrysler,Crossfire
Chrysler,300C
Citroen,Xsara
Citroen,Relay
Citroen,Picasso
Citroen,DS5
Citroen,DS4
Citroen,DS3
Citroen,C5
Citroen,C4
Citroen,C3 PICASSO
Citroen,C3
Citroen,C2
Citroen,C1
Citroen,Berlingo
Daewoo,Nubira
Daewoo,Matiz
Daewoo,Lanos
Daewoo,Espero
Daewoo,Cielo
Daihatsu,YRV
Daihatsu,Terios
Daihatsu,Sirion
Daihatsu,Move
Daihatsu,Materia
Daihatsu,Gran Max
Daihatsu,Cuore
Daihatsu,Copen
Daihatsu,Charade
Datsun,1200
Datsun,STANZA
Dodge,Ram
Dodge,Nitro
Dodge,Journey
Dodge,Caliber
Dodge,CALIBRE
Ferrari,612 Scaglietti
Ferrari,458
Ferrari,456
Ferrari,430
Ferrari,360
Ferrari,355
Ferrari,348
Ferrari,328
Ferrari,308
Ferrari,Testarossa
Ferrari,Mondial
Ferrari,F430
Ferrari,F355
Ferrari,California
Ferrari,348TS
Fiat,500
Fiat,X1/9
Fiat,Uno
Fiat,Strada
Fiat,Stilo
Fiat,Siena
Fiat,Seicento
Fiat,Qubo
Fiat,Punto
Fiat,Panda
Fiat,Palio
Fiat,Multipla
Fiat,Linea
Fiat,GRANDE PUNTO
Fiat,Fiorino
Fiat,Ducato
Fiat,Doblo Cargo
Fiat,Doblo
Fiat,Bravo
Fiat,Brava
Ford,Transit
Ford,Tracer
Ford,Tourneo
Ford,Territory
Ford,Sierra
Ford,Sapphire
Ford,Ranger
Ford,Mustang
Ford,Mondeo
Ford,Laser
Ford,Kuga
Ford,Ka
Ford,Ikon
Ford,Focus
Ford,Figo
Ford,Fiesta
Ford,Falcon
Ford,Fairmont
Ford,Fairlane
Ford,F250
Ford,F100
Ford,F-Series
Ford,Explorer
Ford,Everest
Ford,Escort
Ford,Courier
Ford,Cortina
Ford,Bantam
Fudi,Lion
GWM,Steed
GWM,Multi-wagon
GWM,LDV
GWM,Hover
GWM,H6
GWM,H5
GWM,Florid
GWM,COOLBEAR
GWM,CB150
GWM,C10
GWM,2.4
GWM,2.2
Geely,MK
Geely,LC
Geely,CK1
Geely,CK
GoNow,X-Space
Hafei,Loda
Honda,S2000
Honda,Prelude
Honda,Odyssey
Honda,Jazz
Honda,Insight
Honda,HR-V
Honda,FR-V
Honda,CRX
Honda,Civic
Honda,CR-Z
Honda,CR-V
Honda,CR
Honda,Brio
Honda,Ballade
Honda,Accord
Hummer,H3
Hummer,H2
Hummer,ADVENTURE
Hyundai,Ix35
Hyundai,I30
Hyundai,I20
Hyundai,I10
Hyundai,Tucson
Hyundai,Trajet
Hyundai,Tiburon
Hyundai,Terracan
Hyundai,Sonata
Hyundai,Santa FE
Hyundai,Santa
Hyundai,Matrix
Hyundai,H100
Hyundai,H1
Hyundai,Getz
Hyundai,Elantra
Hyundai,Bakkie
Hyundai,Azera
Hyundai,Atoz
Hyundai,Atos
Hyundai,Accent
Isuzu,Trooper
Isuzu,KB250D
Isuzu,KB250
Isuzu,KB240
Isuzu,KB Series
Isuzu,KB
Isuzu,Frontier
Mini,Mini
Mini,Cooper S
Mini,Cooper
Mini,Clubman
Mini,COUPE
Mini,COUNTRYMAN
Mini,Austin
Mitsubishi,Triton
Mitsubishi,Rodeo
Mitsubishi,Pajero Sport
Mitsubishi,Pajero
Mitsubishi,Outlander
Mitsubishi,Lancer
Mitsubishi,L300
Mitsubishi,Colt
Mitsubishi,Club
Mitsubishi,ASX
Mitsubishi,3000 GT
Morris,MINOR
Nissan,1400
Nissan,370
Nissan,350
Nissan,200
Nissan,1
Nissan,Xtrail
Nissan,X
Nissan,Tiida
Nissan,Terrano
Nissan,Skyline
Nissan,Sentra
Nissan,Sani
Nissan,Sabre
Nissan,Qashqai Acenta
Nissan,Qashqai
Nissan,Primera
Nissan,Primastar
Nissan,Patrol
Nissan,Pathfinder
Nissan,Navara
Nissan,NV350
Nissan,NV200
Nissan,NP300
Nissan,NP2000
Nissan,NP 200
Nissan,NP
Nissan,Murano
Nissan,Micra
Nissan,Maxima
Nissan,Livina
Nissan,Juke
Nissan,Hi-Rider
Nissan,Hardbody
Nissan,Grand Livina
Nissan,GTR
Nissan,GRAND
Nissan,Champ
Nissan,Cabstar
Nissan,Almera
Nissan,370Z
Nissan,350Z
Nissan,280ZX
Nissan,200SX
Nissan,100NX
Noble,M400
Opel,Zafira
Opel,Vivaro
Opel,Tigra
Opel,Rekord
Opel,Omega
Opel,Monza
Opel,Meriva
Opel,Kadett
Opel,GTC
Opel,Corsa
Opel,Combo
Opel,Astra
Peugeot,4008
Peugeot,3008
Peugeot,1007
Peugeot,807
Peugeot,607
Peugeot,508
Peugeot,407
Peugeot,406
Peugeot,308
Peugeot,307
Peugeot,306
Peugeot,208
Peugeot,207
Peugeot,206
Peugeot,107
Peugeot,RCZ
Peugeot,Partner
Peugeot,Expert
Peugeot,Boxer
Pontiac,Trans Am
Pontiac,STRATO CHIEF
Porsche,997
Porsche,997s
Porsche,996
Porsche,964
Porsche,944
Porsche,924
Porsche,912
Porsche,911
Porsche,Panamera
Porsche,GT3
Porsche,Cayman
Porsche,Cayenne
Porsche,Carrera
Porsche,CAYENNE-S
Porsche,Boxster S
Porsche,Boxster
Porsche,BOXTER
Proton,Savvy
Proton,Satria
Proton,Persona
Proton,Gen.2
Proton,Gen
Proton,Arena
Renault,16
Renault,8
Renault,5
Renault,Twingo
Renault,Trafic
Renault,Scenic
Renault,Sandero
Renault,Modus
Renault,Megane
Renault,Logan
Renault,Laguna
Renault,Koleos
Renault,Kangoo
Renault,Grand Scenic
Renault,Grand
Renault,FLUENCE
Renault,Espace
Renault,Clio
Rolls-Royce,Silver Shadow
Rover,3500
Rover,2000
Rover,75
Rover,Range Rover
Rover,Freelander
Rover,Discovery
Rover,Defender Cup
Rover,Defender 90
Rover,Defender 110
Rover,Defender
Saab,900
Saab,Linear
Saab,9-5
Saab,9-3
Seat,Leon
Seat,Ibiza
Seat,Cupra
Seat,Altea
Smart,Roadster
Smart,Pure
Smart,Pulse
Smart,Passion
Smart,Fortwo Coupe
Smart,Fortwo
Smart,Forfour
Smart,Coupe
Smart,City-Coupe
Smart,Cabrio
Ssangyong,Stavic
Ssangyong,Rexton
Ssangyong,Musso
Ssangyong,Kyron
Ssangyong,Korando
Ssangyong,Actyon
Subaru,XV
Subaru,WRX
Subaru,Tribeca
Subaru,Outback
Subaru,Legacy
Subaru,Impreza
Subaru,Forester
Suzuki,Vitara
Suzuki,Swift
Suzuki,Samurai
Suzuki,SX4
Suzuki,SJ
Suzuki,Kizashi
Suzuki,Jimny
Suzuki,Grand Vitara
Suzuki,Grand
Suzuki,GSXR
Suzuki,GSX
Suzuki,ALTO
TVR,Chimaera
Tata,207
Tata,Xenon
Tata,Vista
Tata,Telcoline
Tata,Safari
Tata,LPT
Tata,Indigo
Tata,Indica
Tata,B-Line
Toyota,Yaris
Toyota,Verso
Toyota,Venture
Toyota,Tazz
Toyota,Stallion
Toyota,Sprinter
Toyota,RunX
Toyota,Rav 4
Toyota,Raider
Toyota,Quantum
Toyota,Prius
Toyota,Previa
Toyota,Prado
Toyota,MR2
Toyota,Land Cruiser Prado
Toyota,Land Cruiser
Toyota,Land
Toyota,Innova
Toyota,Hi-Ace
Toyota,Hi Lux
Toyota,GT86
Toyota,Fortuner
Toyota,FJ Cruiser
Toyota,FJ
Toyota,Etios
Toyota,Crown
Toyota,Cressida
Toyota,Corolla Verso
Toyota,Corolla
Toyota,Conquest
Toyota,Condor
Toyota,Celica
Toyota,Aygo
Toyota,Camry
Toyota,Avensis
Toyota,Avanza
Toyota,Auris
Toyota,4 Runner
Vauxhall,Victor
Vauxhall,Velox
Volkswagen,Velociti
Volkswagen,Transporter
Volkswagen,Touran
Volkswagen,Touareg
Volkswagen,Tiguan
Volkswagen,T5
Volkswagen,T4
Volkswagen,Sharan
Volkswagen,Scirocco
Volkswagen,Polo Vivo
Volkswagen,Polo Classic
Volkswagen,Polo
Volkswagen,Passat
Volkswagen,Microbus
Volkswagen,Kombi
Volkswagen,Jetta
Volkswagen,Golf
Volkswagen,Fox
Volkswagen,EOS
Volkswagen,Cross Polo
Volkswagen,Combi
Volkswagen,Citi
Volkswagen,Chico
Volkswagen,Caravelle
Volkswagen,Caddy
Volkswagen,CRAFTER
Volkswagen,CC
Volkswagen,Beetle
Volkswagen,Amarok
Volvo,850
Volvo,XC90
Volvo,XC70
Volvo,XC60
Volvo,V70
Volvo,V60
Volvo,V50
Volvo,V40
Volvo,S80
Volvo,S70
Volvo,S60
Volvo,S40
Volvo,C70
Volvo,C30
Jaguar,XKR
Jaguar,XK8
Jaguar,XK
Jaguar,XJS
Jaguar,XJR
Jaguar,XJ8
Jaguar,XJ6
Jaguar,XJ
Jaguar,XF
Jaguar,X-Type
Jaguar,Sovereign
Jaguar,S-TYPE
Jaguar,S
Jaguar,F-Type
Jaguar,E-Type
Jeep,Wrangler
Jeep,Willys
Jeep,Sahara
Jeep,Patriot
Jeep,Laredo
Jeep,Grand Cherokee
Jeep,Grand
Jeep,Compass
Jeep,Commander
Jeep,Cherokee
Kia,Sportage
Kia,Soul
Kia,Sorento
Kia,Shuma
Kia,Sedona
Kia,Rio
Kia,Proceed
Kia,Pregio
Kia,Picanto
Kia,Optima
Kia,Magentis
Kia,K2700
Kia,Cerato
Kia,Carnival
Kia,Carens
Lada,Niva
Lamborghini,Murcielago
Lamborghini,Gallardo
Lancia,Delta
Lancia,Beta
Land Rover,Range Rover
Land Rover,Freelander
Land Rover,Discovery
Land Rover,Defender Cup
Land Rover,Defender 90
Land Rover,Defender 110
Land Rover,Defender
Lexus,250
Lexus,SC
Lexus,RX 400h
Lexus,RX 350
Lexus,RX 300
Lexus,RX
Lexus,LX
Lexus,LS460
Lexus,LS 430
Lexus,LS
Lexus,IS250C
Lexus,IS 300
Lexus,IS 250
Lexus,IS
Lexus,GS 450h
Lexus,GS 300
Lexus,GS
Lexus,CT
Lotus,Seven
Lotus,Exige
Lotus,Evora
Lotus,Esprit
Lotus,Elise
M.G.,ZT
M.G.,TF
M.G.,Midget
M.G.,MGF
M.G.,MGB
M.G.,MG6
M.G.,BGT
Mahindra,Xylo
Mahindra,XUV500
Mahindra,Thar
Mahindra,Scorpio
Mahindra,Bolero
Maserati,Spyder
Maserati,Quattroporte
Maserati,GranSport
Maserati,Gran Turismo
Maserati,GRAN CABRIO
Maybach,62
Mazda,626
Mazda,323
Mazda,121
Mazda,6
Mazda,5
Mazda,3
Mazda,2
Mazda,Sting
Mazda,Soho
Mazda,Rustler
Mazda,RX-8
Mazda,RX-7
Mazda,Midge
Mazda,Marathon
Mazda,Magnum
Mazda,MX-6
Mazda,MX-5
Mazda,MAZDA 6
Mazda,MAZDA 5
Mazda,MAZDA 3
Mazda,MAZDA 2
Mazda,Etude
Mazda,Drifter
Mazda,CX7
Mazda,CX-5
Mazda,BT50
Mazda,B3000
Mazda,B2600
Mazda,B2500
Mazda,B250
Mazda,B-SERIES
Mazda,Astina
Mercedes-Benz,500
Mercedes-Benz,420
Mercedes-Benz,380
Mercedes-Benz,320
Mercedes-Benz,300
Mercedes-Benz,280
Mercedes-Benz,260
Mercedes-Benz,250
Mercedes-Benz,230
Mercedes-Benz,220
Mercedes-Benz,200
Mercedes-Benz,190
Mercedes-Benz,115
Mercedes-Benz,Vito
Mercedes-Benz,Viano
Mercedes-Benz,SLS
Mercedes-Benz,SLK-CLASS
Mercedes-Benz,SLK
Mercedes-Benz,SL-Class
Mercedes-Benz,SL
Mercedes-Benz,S65
Mercedes-Benz,S-Class
Mercedes-Benz,R Class
Mercedes-Benz,ML
Mercedes-Benz,M-Class
Mercedes-Benz,GL-Class
Mercedes-Benz,E-Class
Mercedes-Benz,CLS-Class
Mercedes-Benz,CLS
Mercedes-Benz,CLK-Class
Mercedes-Benz,CLK
Mercedes-Benz,CLC
Mercedes-Benz,CL-CLASS
Mercedes-Benz,CL
Mercedes-Benz,C300
Mercedes-Benz,C220
Mercedes-Benz,C200
Mercedes-Benz,C-Class
Mercedes-Benz,C
Mercedes-Benz,B180
Mercedes-Benz,B-Class
Mercedes-Benz,A190
Mercedes-Benz,A180
Mercedes-Benz,A170
Mercedes-Benz,A-Class
Mercedes-Benz,260E
Mercedes-Benz,230E
Mercedes-Benz,190E
AC,212
AC,Cobra
